{"0DoEY5tr2GBKhLmr8B2Yhg==":"mbr-121x87.png","Zo5VAId+zA1qGfRmx1o4LA==":"mbr-1920x1280.jpg","M6FGLCUbMWeKzCI8SR3yWg==":"mbr-169x85.png","Dk/vwHE3wXVb2IIrB4fizQ==":"mbr-1900x1267.jpg","qmJdBzbF9qgfS7klRPnclQ==":"mbr-1900x1425.jpg","W/LK4eiQKXVpabpMWSX9XA==":"mbr-241x121.png","C3jHBDdbiQVjdX/FrXTRmQ==":"mbr-242x133.png","pSYPVuN8jH1Kqkdrh+I9SA==":"2023_audi_a6_allroad-1-960x720.jpg","NVj0GXw9Fv/3Yg63p4hOTg==":"2023_audi_r8-1-960x720.jpg","Z1dk9iitk11vDYIPt9su2g==":"slidshow1-1900x1016.jpg","sMPkeFPJ1QRCr1HN6leInQ==":"audi%20r8%20slideshow%20pic3-1900x1069.jpg","yjPOiXJ9bkWe+ZgPXtO1AA==":"images-221x166.png","911X7bM4yT2Mobv6BsMc+g==":"background8.jpg"}